first_name	last_name	email	company	phone	street	city	state	zip	country	department	title
Alice	Smith	alice.smith0@example.com	Acme Corp	555-1000	100 Main St	Springfield	IL	62701	US	Engineering	Senior Engineer
Bob	Jones	bob.jones1@example.com	Widgets Inc	555-1001	101 Oak Ave	Portland	OR	97201	US	Sales	Account Manager
Carol	Davis	carol.davis2@example.com	Tech Co	555-1002	102 Pine Rd	Austin	TX	78701	US	Marketing	Director
Dan	Miller	dan.miller3@example.com	DataFlow	555-1003	103 Elm Blvd	Denver	CO	80201	US	Support	Team Lead
Eve	Wilson	eve.wilson4@example.com	NetOps	555-1004	104 Cedar Ln	Seattle	WA	98101	US	Operations	Analyst
Frank	Moore	frank.moore5@example.com	CloudBase	555-1005	105 Maple Dr	Boston	MA	02101	US	Finance	VP
Grace	Taylor	grace.taylor6@example.com	SyncWare	555-1006	106 Birch Way	Miami	FL	33101	US	Legal	Coordinator
Hank	Brown	hank.brown7@example.com	DevHub	555-1007	107 Ash Ct	Chicago	IL	60601	US	HR	Specialist
Iris	Clark	iris.clark8@example.com	LogiCore	555-1008	108 Willow Pl	Phoenix	AZ	85001	US	Product	Manager
Jack	Hall	jack.hall9@example.com	AppVault	555-1009	109 Cherry Cir	Atlanta	GA	30301	US	Design	Associate
Kate	Adams	kate.adams10@example.com	Acme Corp	555-1010	110 Main St	Springfield	IL	62701	US	Engineering	Senior Engineer
Leo	Baker	leo.baker11@example.com	Widgets Inc	555-1011	111 Oak Ave	Portland	OR	97201	US	Sales	Account Manager
Mia	Carter	mia.carter12@example.com	Tech Co	555-1012	112 Pine Rd	Austin	TX	78701	US	Marketing	Director
Nick	Dixon	nick.dixon13@example.com	DataFlow	555-1013	113 Elm Blvd	Denver	CO	80201	US	Support	Team Lead
Olive	Evans	olive.evans14@example.com	NetOps	555-1014	114 Cedar Ln	Seattle	WA	98101	US	Operations	Analyst
Paul	Foster	paul.foster15@example.com	CloudBase	555-1015	115 Maple Dr	Boston	MA	02101	US	Finance	VP
Quinn	Grant	quinn.grant16@example.com	SyncWare	555-1016	116 Birch Way	Miami	FL	33101	US	Legal	Coordinator
Rose	Harris	rose.harris17@example.com	DevHub	555-1017	117 Ash Ct	Chicago	IL	60601	US	HR	Specialist
Sam	Irving	sam.irving18@example.com	LogiCore	555-1018	118 Willow Pl	Phoenix	AZ	85001	US	Product	Manager
Tina	Jensen	tina.jensen19@example.com	AppVault	555-1019	119 Cherry Cir	Atlanta	GA	30301	US	Design	Associate
Uma	Smith	uma.smith20@example.com	Acme Corp	555-1020	120 Main St	Springfield	IL	62701	US	Engineering	Senior Engineer
Vic	Jones	vic.jones21@example.com	Widgets Inc	555-1021	121 Oak Ave	Portland	OR	97201	US	Sales	Account Manager
Wendy	Davis	wendy.davis22@example.com	Tech Co	555-1022	122 Pine Rd	Austin	TX	78701	US	Marketing	Director
Xander	Miller	xander.miller23@example.com	DataFlow	555-1023	123 Elm Blvd	Denver	CO	80201	US	Support	Team Lead
Yara	Wilson	yara.wilson24@example.com	NetOps	555-1024	124 Cedar Ln	Seattle	WA	98101	US	Operations	Analyst
Zane	Moore	zane.moore25@example.com	CloudBase	555-1025	125 Maple Dr	Boston	MA	02101	US	Finance	VP
Alice	Taylor	alice.taylor26@example.com	SyncWare	555-1026	126 Birch Way	Miami	FL	33101	US	Legal	Coordinator
Bob	Brown	bob.brown27@example.com	DevHub	555-1027	127 Ash Ct	Chicago	IL	60601	US	HR	Specialist
Carol	Clark	carol.clark28@example.com	LogiCore	555-1028	128 Willow Pl	Phoenix	AZ	85001	US	Product	Manager
Dan	Hall	dan.hall29@example.com	AppVault	555-1029	129 Cherry Cir	Atlanta	GA	30301	US	Design	Associate
Eve	Adams	eve.adams30@example.com	Acme Corp	555-1030	130 Main St	Springfield	IL	62701	US	Engineering	Senior Engineer
Frank	Baker	frank.baker31@example.com	Widgets Inc	555-1031	131 Oak Ave	Portland	OR	97201	US	Sales	Account Manager
Grace	Carter	grace.carter32@example.com	Tech Co	555-1032	132 Pine Rd	Austin	TX	78701	US	Marketing	Director
Hank	Dixon	hank.dixon33@example.com	DataFlow	555-1033	133 Elm Blvd	Denver	CO	80201	US	Support	Team Lead
Iris	Evans	iris.evans34@example.com	NetOps	555-1034	134 Cedar Ln	Seattle	WA	98101	US	Operations	Analyst
Jack	Foster	jack.foster35@example.com	CloudBase	555-1035	135 Maple Dr	Boston	MA	02101	US	Finance	VP
Kate	Grant	kate.grant36@example.com	SyncWare	555-1036	136 Birch Way	Miami	FL	33101	US	Legal	Coordinator
Leo	Harris	leo.harris37@example.com	DevHub	555-1037	137 Ash Ct	Chicago	IL	60601	US	HR	Specialist
Mia	Irving	mia.irving38@example.com	LogiCore	555-1038	138 Willow Pl	Phoenix	AZ	85001	US	Product	Manager
Nick	Jensen	nick.jensen39@example.com	AppVault	555-1039	139 Cherry Cir	Atlanta	GA	30301	US	Design	Associate
Olive	Smith	olive.smith40@example.com	Acme Corp	555-1040	140 Main St	Springfield	IL	62701	US	Engineering	Senior Engineer
Paul	Jones	paul.jones41@example.com	Widgets Inc	555-1041	141 Oak Ave	Portland	OR	97201	US	Sales	Account Manager
Quinn	Davis	quinn.davis42@example.com	Tech Co	555-1042	142 Pine Rd	Austin	TX	78701	US	Marketing	Director
Rose	Miller	rose.miller43@example.com	DataFlow	555-1043	143 Elm Blvd	Denver	CO	80201	US	Support	Team Lead
Sam	Wilson	sam.wilson44@example.com	NetOps	555-1044	144 Cedar Ln	Seattle	WA	98101	US	Operations	Analyst
Tina	Moore	tina.moore45@example.com	CloudBase	555-1045	145 Maple Dr	Boston	MA	02101	US	Finance	VP
Uma	Taylor	uma.taylor46@example.com	SyncWare	555-1046	146 Birch Way	Miami	FL	33101	US	Legal	Coordinator
Vic	Brown	vic.brown47@example.com	DevHub	555-1047	147 Ash Ct	Chicago	IL	60601	US	HR	Specialist
Wendy	Clark	wendy.clark48@example.com	LogiCore	555-1048	148 Willow Pl	Phoenix	AZ	85001	US	Product	Manager
Xander	Hall	xander.hall49@example.com	AppVault	555-1049	149 Cherry Cir	Atlanta	GA	30301	US	Design	Associate
